City,Lat,Lng,Max Temp,Humidity,Cloudiness,Wind Speed,Country,Date
Santa Maria,-29.6842,-53.8069,75.2,46,0,8.05,BR,1619725450
Cape Town,-33.9258,18.4232,57.99,76,20,10.36,ZA,1619725012
Bluff,-46.6,168.3333,51.01,93,88,8.99,NZ,1619725029
Dunedin,-45.8742,170.5036,53.01,84,100,5.01,NZ,1619725450
Paita,-5.0892,-81.1144,82.4,57,0,17.27,PE,1619725450
Klaksvík,62.2266,-6.589,37.4,70,75,12.66,FO,1619725451
Yellowknife,62.456,-114.3525,30.0,58,20,6.91,CA,1619725292
Punta Arenas,-53.15,-70.9167,42.8,75,0,5.75,CL,1619725451
Puerto Ayora,-0.7393,-90.3518,84.2,70,40,20.71,EC,1619725451
Port Alfred,-33.5906,26.891,64.18,79,100,11.99,ZA,1619725452
Mar del Plata,-38.0023,-57.5575,75.2,53,0,14.97,AR,1619725397
Barrow,71.2906,-156.7887,19.4,86,90,8.05,US,1619725452
Mataura,-46.1927,168.8643,51.01,92,100,8.99,NZ,1619725453
Mount Gambier,-37.8333,140.7667,46.4,100,90,6.91,AU,1619725187
Albany,42.6001,-73.9662,57.0,90,100,2.75,US,1619725453
Carnarvon,-24.8667,113.6333,71.6,88,90,12.66,AU,1619725106
Beringovskiy,63.05,179.3167,26.56,74,99,3.49,RU,1619725120
Port Elizabeth,-33.918,25.5701,57.2,94,20,12.66,ZA,1619725130
Dikson,73.5069,80.5464,-1.62,99,96,6.87,RU,1619725039
Marawi,7.9986,124.2928,75.99,89,52,5.01,PH,1619725109
Punta Gorda,26.9298,-82.0454,91.0,45,75,17.27,US,1619725454
Ushuaia,-54.8,-68.3,42.8,56,20,3.44,AR,1619724885
Abu Kamal,34.4506,40.9171,83.48,20,2,8.59,SY,1619725190
Esperance,-33.8667,121.9,60.8,82,75,19.57,AU,1619725072
Virginia Beach,36.8529,-75.978,87.01,46,100,11.01,US,1619725202
Valdivia,-39.8142,-73.2459,57.2,100,90,2.3,CL,1619725334
Korla,41.7597,86.1469,69.12,16,0,4.61,CN,1619725144
Ţahţā,26.7693,31.5021,86.0,9,0,9.22,EG,1619725455
Acapulco de Juárez,16.8634,-99.8901,84.2,70,20,11.5,MX,1619725388
Lompoc,34.6391,-120.4579,81.0,38,8,14.97,US,1619724908
Nikolskoye,59.7035,30.7861,39.2,41,0,2.24,RU,1619725057
Saldanha,-33.0117,17.9442,59.0,67,0,18.41,ZA,1619725120
New Norfolk,-42.7826,147.0587,54.0,91,45,2.3,AU,1619725074
Lagoa,39.05,-27.9833,57.15,61,100,8.9,PT,1619725069
Pangnirtung,66.1451,-65.7125,32.0,80,90,3.44,CA,1619725174
Jamestown,42.097,-79.2353,55.99,100,90,10.36,US,1619724779
Ribeira Grande,38.5167,-28.7,60.8,63,40,13.8,PT,1619725060
Marrakesh,31.6315,-8.0083,69.8,49,75,13.8,MA,1619725456
Tabory,58.5198,64.5495,38.73,78,5,6.93,RU,1619725456
Atuona,-9.8,-139.0333,78.93,72,5,5.91,PF,1619725066
Anzio,41.4853,12.6179,61.0,89,43,2.59,IT,1619725192
Zelenoborskiy,66.845,32.3622,28.99,100,100,10.33,RU,1619725457
Bukachacha,52.9833,116.9167,30.42,80,100,7.65,RU,1619725457
Raudeberg,61.9875,5.1352,42.01,76,5,20.85,NO,1619725457
Batagay,67.6333,134.6333,22.14,97,98,2.04,RU,1619725117
Nanortalik,60.1432,-45.2371,39.27,80,16,8.43,GL,1619725105
Norman Wells,65.282,-126.8329,39.2,41,75,11.5,CA,1619725096
Middle Island,40.8843,-72.9373,69.8,68,40,9.22,US,1619725160
Tabora,-5.0167,32.8,66.94,80,100,6.38,TZ,1619725458
Inhambane,-23.865,35.3833,75.2,88,20,4.61,MZ,1619725458
Grand Gaube,-20.0064,57.6608,75.99,88,20,4.0,MU,1619725459
Alofi,-19.0595,-169.9187,77.0,100,100,1.14,NU,1619725459
Guarapari,-20.6667,-40.4975,77.0,78,75,13.8,BR,1619725139
Qaanaaq,77.484,-69.3632,26.26,75,85,7.29,GL,1619725062
Esil,51.9556,66.4042,45.88,56,13,8.14,KZ,1619725460
Hilo,19.7297,-155.09,77.0,69,90,5.75,US,1619725061
Stepnyak,52.8339,70.7803,42.84,55,0,7.81,KZ,1619725460
Vaini,-21.2,-175.2,75.2,100,90,4.61,TO,1619725065
Hobart,-42.8794,147.3294,54.0,94,90,2.3,AU,1619725060
Ponta do Sol,32.6667,-17.1,61.0,69,81,1.01,PT,1619725072
Lidköping,58.5052,13.1577,44.6,65,90,11.5,SE,1619725461
Bien Hoa,10.95,106.8167,82.4,78,40,4.61,VN,1619725461
Qaqortoq,60.7167,-46.0333,42.8,65,20,6.91,GL,1619725191
Butaritari,3.0707,172.7902,83.34,75,100,15.82,KI,1619724903
Bukama,-9.2,25.85,71.6,90,58,0.76,CD,1619725462
Castro,-24.7911,-50.0119,64.11,59,2,6.67,BR,1619725116
Coyhaique,-45.5752,-72.0662,60.8,72,75,6.91,CL,1619725093
Fare,-16.7,-151.0167,81.3,74,96,8.59,PF,1619725462
Nuuk,64.1835,-51.7216,30.2,100,90,4.61,GL,1619725393
San Narciso,15.0143,120.0803,78.8,83,20,4.61,PH,1619725463
Westport,41.1415,-73.3579,66.0,88,90,10.36,US,1619725403
Busselton,-33.65,115.3333,48.99,98,93,13.09,AU,1619725056
Bethel,41.3712,-73.414,68.0,77,90,7.4,US,1619725073
Manggar,-2.8833,108.2667,80.96,79,68,5.5,ID,1619725387
Valparaíso,-33.0393,-71.6273,60.8,94,90,5.75,CL,1619725184
Ahero,-0.1746,34.9163,71.6,78,40,5.75,KE,1619725463
Beitbridge,-22.2167,30.0,72.84,43,5,7.61,ZW,1619725443
Tasiilaq,65.6145,-37.6368,33.8,86,40,4.61,GL,1619725126
Kysyl-Syr,63.8986,122.7617,20.57,99,99,3.36,RU,1619725464
Mahébourg,-20.4081,57.7,77.0,83,75,17.27,MU,1619725081
Soyo,-6.1349,12.3689,79.75,87,55,6.2,AO,1619725464
Nelson Bay,-32.7167,152.15,52.0,100,5,3.24,AU,1619725077
Hermanus,-34.4187,19.2345,57.0,72,96,5.01,ZA,1619725028
Rikitea,-23.1203,-134.9692,76.32,70,100,11.1,PF,1619725061
Barra de Tecoanapa,16.5167,-98.75,86.45,58,100,12.66,MX,1619725465
Nanhai,30.1282,111.7784,66.0,79,4,4.59,CN,1619725465
Xining,36.6167,101.7667,48.69,30,3,2.71,CN,1619725170
Calama,-22.4667,-68.9333,69.8,11,0,16.11,CL,1619725094
Luwingu,-10.2621,29.9271,62.98,93,55,4.97,ZM,1619725466
Khatanga,71.9667,102.5,30.18,94,100,9.24,RU,1619725079
Chui,-33.6971,-53.4616,67.23,61,0,3.24,UY,1619725085
Dzhebariki-Khaya,62.2167,135.8,31.5,98,100,3.71,RU,1619725466
Laguna,38.421,-121.4238,86.0,24,1,4.61,US,1619725143
Torbay,47.6666,-52.7314,50.0,61,75,6.91,CA,1619724928
Camaná,-16.6228,-72.7111,69.96,74,19,8.61,PE,1619725467
Hithadhoo,-0.6,73.0833,83.93,70,94,7.34,MV,1619725013
Faanui,-16.4833,-151.75,81.54,72,86,7.47,PF,1619725453
Cidreira,-30.1811,-50.2056,67.55,65,0,5.66,BR,1619725452
Bengkulu,-3.8004,102.2655,75.7,91,87,4.5,ID,1619725115
Kavaratti,10.5669,72.642,84.18,75,24,5.61,IN,1619725155
Godineşti,45.0,22.9667,48.45,91,59,3.11,RO,1619725468
East London,-33.0153,27.9116,59.0,94,20,8.05,ZA,1619725102
Aklavik,68.2191,-135.0107,32.0,47,87,6.91,CA,1619725468
Nísia Floresta,-6.0911,-35.2086,82.4,78,40,11.5,BR,1619725451
Yeppoon,-23.1333,150.7333,66.2,82,100,8.05,AU,1619725468
Hīt,33.6416,42.8251,84.13,16,4,11.14,IQ,1619725086
Dudinka,69.4058,86.1778,27.07,98,100,3.69,RU,1619725170
Sukabumi,-6.9181,106.9267,80.01,91,100,2.01,ID,1619725469
Saskylakh,71.9167,114.0833,26.33,91,100,9.19,RU,1619725080
Sur,22.5667,59.5289,86.22,39,84,6.87,OM,1619725469
Talnakh,69.4865,88.3972,27.81,96,99,3.89,RU,1619725027
Zaraza,9.3503,-65.3245,73.24,87,100,4.14,VE,1619725149
Mangaratiba,-22.9597,-44.0406,73.4,68,75,5.75,BR,1619725470
Bend,44.0582,-121.3153,78.8,14,1,16.11,US,1619724706
Saint-Augustin,51.226,-58.6502,44.67,68,100,2.42,CA,1619725116
Douglas,41.3,-96.167,75.2,23,1,14.97,US,1619725470
Fortuna,40.5982,-124.1573,62.01,88,20,5.75,US,1619725071
Sakhnovshchyna,49.1517,35.872,51.4,58,91,8.5,UA,1619725471
Praia,14.9215,-23.5087,75.2,64,75,18.41,CV,1619725273
Fukuechō,32.6881,128.8419,64.02,62,95,30.82,JP,1619725471
Tanabe,33.7333,135.3667,53.85,88,1,2.75,JP,1619725471
Eydhafushi,5.1033,73.0708,83.84,68,23,7.74,MV,1619725472
Pevek,69.7008,170.3133,17.56,93,100,7.96,RU,1619725038
Kaitangata,-46.2817,169.8464,55.99,81,100,14.0,NZ,1619725146
Oudtshoorn,-33.5907,22.2014,55.4,100,75,5.75,ZA,1619725472
Husavik,66.0449,-17.3389,41.0,75,0,14.97,IS,1619725110
Diu,20.7141,70.9822,82.67,67,100,8.63,IN,1619725473
Morondava,-20.2833,44.2833,79.74,77,0,6.62,MG,1619725473
Petrovskoye,57.0104,39.2693,36.84,82,11,6.71,RU,1619725473
Raja,8.4596,25.678,77.65,61,100,4.5,SS,1619725473
Asău,46.4333,26.4,50.0,65,8,4.94,RO,1619725128
Skegness,53.1436,0.3363,45.0,61,20,6.91,GB,1619725474
Provideniya,64.3833,-173.3,30.2,64,0,4.47,RU,1619725075
Souillac,-20.5167,57.5167,77.0,83,75,17.27,MU,1619725165
Sobolevo,54.4299,31.8996,44.15,80,100,8.68,RU,1619725475
Geraldton,-28.7667,114.6,68.0,73,75,13.8,AU,1619725475
Gushikawa,26.3544,127.8686,62.6,88,1,6.91,JP,1619725475
Venice,27.0998,-82.4543,89.01,70,1,13.8,US,1619725247
Kapaa,22.0752,-159.319,75.2,69,40,14.97,US,1619725069
Ugoofaaru,5.6667,73.0,83.32,73,100,7.11,MV,1619725476
Inírida,3.8653,-67.9239,74.03,97,100,1.57,CO,1619725476
Lebu,-37.6167,-73.65,60.8,81,100,7.09,CL,1619725103
Vardø,70.3705,31.1107,30.2,86,75,16.11,NO,1619725176
Riyadh,24.6877,46.7219,84.2,16,0,6.91,SA,1619725291
San Jerónimo,-11.9472,-75.2829,60.19,53,82,8.19,PE,1619725477
Arraial do Cabo,-22.9661,-42.0278,73.4,73,75,4.61,BR,1619725477
Cherskiy,68.75,161.3,18.61,94,100,5.99,RU,1619725084
Missoula,47.0166,-113.8009,73.0,23,1,12.33,US,1619725394
Shiyan,32.6475,110.7781,62.33,76,49,6.58,CN,1619725204
Bambous Virieux,-20.3428,57.7575,77.0,83,75,17.27,MU,1619725064
Tautira,-17.7333,-149.15,84.2,65,20,5.75,PF,1619725478
Vila Velha,-20.3297,-40.2925,77.0,78,75,13.8,BR,1619725083
Beian,63.6559,9.5683,39.2,70,20,9.22,NO,1619725479
Avarua,-21.2078,-159.775,82.4,83,40,9.22,CK,1619725479
Plouzané,48.3833,-4.6167,48.2,70,0,6.91,FR,1619725479
San Patricio,28.017,-97.5169,82.4,74,90,11.5,US,1619725132
Vila,42.0304,-8.1588,51.01,79,77,3.0,PT,1619725177
Kiunga,-6.1219,141.2906,71.31,99,83,1.01,PG,1619725480
Shakhtinsk,49.71,72.5872,50.0,62,0,13.42,KZ,1619725480
Ambanja,-13.6833,48.45,75.58,92,12,3.22,MG,1619725480
Bemidji,47.4736,-94.8803,57.2,38,1,16.11,US,1619725034
Shubarshi,48.5872,57.1869,47.37,54,22,8.75,KZ,1619725481
Tuktoyaktuk,69.4541,-133.0374,21.2,68,20,17.27,CA,1619725063
Severo-Kuril'sk,50.6789,156.125,35.38,88,47,4.63,RU,1619725127
Moree,-29.4667,149.85,57.2,77,36,9.22,AU,1619725481
Ilulissat,69.2167,-51.1,39.2,60,75,3.44,GL,1619725062
Saint-Philippe,-21.3585,55.7679,77.0,78,0,6.91,RE,1619725101
Tiznit Province,29.5833,-9.5,58.71,74,26,7.96,MA,1619725196
Ubari,26.5921,12.7805,89.1,13,2,5.48,LY,1619725482
Machico,32.7,-16.7667,62.6,63,40,10.36,PT,1619725482
Tabuk,17.4189,121.4443,72.63,87,94,1.39,PH,1619725483
Ryōtsu-minato,38.0833,138.4333,49.82,90,95,6.98,JP,1619725483
La Paz,-16.5,-68.15,55.4,41,40,5.75,BO,1619725335
Grindavik,63.8424,-22.4338,42.8,70,75,8.05,IS,1619725169
Kedrovyy,56.1667,91.8167,37.4,87,0,6.71,RU,1619725484
Chokurdakh,70.6333,147.9167,-1.46,99,97,3.09,RU,1619725138
Shahreza,32.0339,51.8794,64.81,37,48,3.4,IR,1619725484
Mossamedes,-15.1961,12.1522,75.83,68,76,8.52,AO,1619725484
Liberal,37.0431,-100.921,73.4,25,1,14.97,US,1619725485
Barbate,36.1924,-5.9219,66.2,4,0,2.3,ES,1619725485
Taltal,-25.4,-70.4833,66.76,71,9,7.58,CL,1619725485
Pochutla,15.7432,-96.4661,89.6,45,90,17.27,MX,1619725111
Sitka,57.0531,-135.33,48.2,87,90,4.61,US,1619725060
Bataiporã,-22.2953,-53.2711,83.71,24,40,5.35,BR,1619725486
Antsohihy,-14.8796,47.9875,74.84,85,15,4.81,MG,1619725486
Charters Towers,-20.1,146.2667,64.76,84,61,7.07,AU,1619725487
Broken Hill,-31.95,141.4333,55.4,44,0,9.22,AU,1619725152
Port Hardy,50.6996,-127.4199,51.8,87,90,13.8,CA,1619725105
Khovd,48.0056,91.6419,55.06,39,37,7.25,MN,1619725154
Bredasdorp,-34.5322,20.0403,55.4,82,98,3.44,ZA,1619725047
Hofn,64.2539,-15.2082,39.74,77,100,6.93,IS,1619725163
Saraland,30.8207,-88.0706,84.0,68,100,6.53,US,1619725488
Malbork,54.0359,19.0266,50.0,100,100,7.54,PL,1619725488
Heihe,50.2441,127.4902,33.8,69,40,4.99,CN,1619725488
Lavrentiya,65.5833,-171.0,23.68,76,50,3.98,RU,1619725116
Buraidah,26.326,43.975,82.4,23,0,4.61,SA,1619725067
Susner,23.95,76.0833,87.93,20,31,7.36,IN,1619725489
Gouré,13.9835,10.2704,85.12,5,3,9.04,NE,1619725489
Kuching,1.55,110.3333,78.8,94,40,2.3,MY,1619725183
Tuatapere,-46.1333,167.6833,51.01,93,100,8.99,NZ,1619725093
Palmer,42.1584,-72.3287,60.01,100,90,6.73,US,1619725065
Thompson,55.7435,-97.8558,32.0,47,75,16.11,CA,1619725070
George Town,5.4112,100.3354,80.01,94,20,4.61,MY,1619725109
Longyearbyen,78.2186,15.6401,21.2,58,40,14.97,SJ,1619725082
Yining,29.0361,114.5636,61.11,85,0,3.36,CN,1619725490
Saint Paul Harbor,57.79,-152.4072,39.2,87,90,3.44,US,1619725066
Kumul,42.8,93.45,69.3,18,9,9.48,CN,1619725192
Samarai,-10.6167,150.6667,79.61,77,49,7.76,PG,1619725103
Hornepayne,49.2138,-84.7705,57.13,44,100,9.53,CA,1619725491
Boulder,40.0833,-105.3505,69.8,25,1,3.44,US,1619725089
San Quintín,30.4833,-115.95,70.88,51,0,14.16,MX,1619725187
Tiksi,71.6872,128.8694,28.76,86,87,8.84,RU,1619725094
Beihai,21.4833,109.1,74.32,69,100,2.08,CN,1619725492
Nadym,65.5333,72.5167,31.98,91,100,9.93,RU,1619725492
Huarmey,-10.0681,-78.1522,72.66,72,3,10.94,PE,1619725492
Kasempa,-13.4584,25.8338,68.67,72,95,3.74,ZM,1619725493
Lüderitz,-26.6481,15.1594,58.39,66,0,22.59,NA,1619725090
San Antonio,29.4241,-98.4936,70.0,88,90,11.5,US,1619725355
Hong Kong,22.2855,114.1577,73.99,83,100,3.71,HK,1619725442
Urusha,54.05,122.9,25.63,96,51,5.23,RU,1619725493
Moose Factory,51.2585,-80.6094,57.2,44,1,14.97,CA,1619725494
Bilibino,68.0546,166.4372,19.8,94,96,4.65,RU,1619725494
Flinders,-34.5833,150.8552,53.01,88,0,1.01,AU,1619725124
Batagay-Alyta,67.8006,130.4114,8.6,91,89,5.84,RU,1619725494
Sampit,-2.5333,112.95,74.12,95,100,1.3,ID,1619725495
Mandalgovi,45.7625,106.2708,32.54,74,6,26.73,MN,1619725157
Ayan,56.45,138.1667,31.24,68,99,6.76,RU,1619725102
Cabo San Lucas,22.8909,-109.9124,82.99,40,1,12.66,MX,1619725069
Mayo,38.8876,-76.5119,84.0,68,75,10.36,US,1619725245
Mwene-Ditu,-7.0,23.45,67.96,93,100,3.87,CD,1619725496
Saint George,37.1041,-113.5841,82.0,16,1,3.44,US,1619725063
Bahile,9.9995,118.7878,77.45,88,34,2.64,PH,1619725496
Buala,-8.145,159.5921,78.75,81,99,3.49,SB,1619725496
Pitimbu,-7.4706,-34.8086,82.4,74,75,9.22,BR,1619725129
Kalabo,-14.97,22.6814,69.31,71,64,3.04,ZM,1619725497
Paamiut,61.994,-49.6678,37.15,85,5,7.63,GL,1619725060
El Salvador,13.8333,-88.9167,86.0,65,75,11.5,SV,1619725497
Nāyudupet,13.9,79.9,81.54,82,12,7.07,IN,1619725497
Grand Island,40.925,-98.342,71.6,24,1,20.71,US,1619725207
Fairbanks,64.8378,-147.7164,45.0,52,90,2.35,US,1619725111
Isangel,-19.55,169.2667,66.2,94,75,13.18,VU,1619725164
Mahon,39.8885,4.2658,60.8,94,20,4.61,ES,1619725498
Diffa,13.3154,12.6113,85.71,8,3,3.62,NE,1619725498
Līsakovsk,52.5369,62.4936,44.98,60,25,8.48,KZ,1619725162
Kaeo,-35.1,173.7833,48.0,93,0,3.0,NZ,1619725184
Tura,25.5198,90.2201,78.57,37,4,2.57,IN,1619725197
Cockburn Town,21.4612,-71.1419,82.4,61,40,16.11,TC,1619725128
Douentza,14.9951,-2.9517,96.67,13,14,7.2,ML,1619725499
Richards Bay,-28.783,32.0377,73.58,85,75,13.2,ZA,1619724865
Bauchi,10.5,10.0,89.92,25,100,3.53,NG,1619725500
Seligenstadt,50.0432,8.9739,48.2,57,0,11.5,DE,1619725500
Lamar,33.6668,-95.5836,75.0,83,90,14.97,US,1619725500
Narsaq,60.9167,-46.05,42.8,65,20,6.91,GL,1619725084
Tadine,-21.55,167.8833,72.59,60,16,13.91,NC,1619725501
Aykino,62.2248,49.9922,28.47,64,16,4.25,RU,1619725501
Faya,18.3851,42.4509,60.8,72,40,6.91,SA,1619725097
Vallenar,-28.5708,-70.7581,76.91,33,4,7.11,CL,1619725502
Hambantota,6.1241,81.1185,78.8,100,40,2.3,LK,1619725502
Barcelos,41.5388,-8.6151,55.4,71,40,11.5,PT,1619725275
Severo-Yeniseyskiy,60.3725,93.0408,31.33,90,100,6.49,RU,1619725504
Krasnosel'kup,65.7,82.4667,31.44,88,97,12.53,RU,1619725504
Newport,51.5877,-2.9984,46.0,71,27,4.68,GB,1619725265
Jining,35.405,116.5814,53.69,26,100,3.56,CN,1619725504
Gizo Government Station,-8.103,156.8419,81.81,74,91,4.92,SB,1619725505
Ancud,-41.8697,-73.8203,64.99,82,75,16.11,CL,1619725005
Areia Branca,-4.9561,-37.1369,82.4,78,75,10.36,BR,1619725505
Bucerías,20.75,-105.3333,80.6,74,75,10.36,MX,1619725190
San Alberto,7.7611,-73.3922,81.21,83,100,3.51,CO,1619725506
Ballina,-28.8667,153.5667,59.0,94,92,8.05,AU,1619725176
Kutum,14.2,24.6667,81.3,12,52,8.61,SD,1619725112
Port-Gentil,-0.7193,8.7815,80.6,83,90,4.61,GA,1619725162
Barrhead,55.7992,-4.3929,44.6,81,95,4.61,GB,1619725506
Praia,14.9215,-23.5087,75.2,64,75,18.41,CV,1619725507
Ouésso,1.6136,16.0517,73.26,94,31,1.92,CG,1619725507
Awjilah,29.1081,21.2869,87.26,6,26,6.8,LY,1619725507
Bambanglipuro,-7.95,110.2833,75.88,82,91,1.88,ID,1619725507
Hamilton,39.1834,-84.5333,66.2,94,90,6.91,US,1619724871
Kahului,20.8947,-156.47,78.8,83,40,12.66,US,1619725118
Ozernovskiy,51.5,156.5167,34.32,92,52,3.58,RU,1619725508
Okhotsk,59.3833,143.3,31.95,89,95,1.9,RU,1619725508
Mezen',65.8522,44.24,27.32,93,100,2.04,RU,1619725509
Podgornoye,51.735,39.1496,44.6,45,0,6.71,RU,1619725509
Trabzon Province,40.9167,39.8333,60.8,82,75,6.51,TR,1619725509
La Ronge,55.1001,-105.2842,41.0,28,7,13.8,CA,1619725159
Cabedelo,-6.9811,-34.8339,82.4,74,75,9.22,BR,1619725090
Jiexiu,37.0244,111.9125,57.58,29,73,8.61,CN,1619725510
Coruripe,-10.1256,-36.1756,79.41,72,86,8.68,BR,1619725078
Vaitape,-16.5167,-151.75,81.5,73,87,7.34,PF,1619725510
Enid,36.3956,-97.8784,75.2,35,1,14.97,US,1619725364
Gravdal,68.1214,13.5031,35.6,75,75,16.11,NO,1619725511
Chapais,49.7834,-74.8492,60.8,29,1,9.22,CA,1619725153
Nosy Varika,-20.5833,48.5333,71.91,91,28,1.23,MG,1619725511
Kosonsoy,41.2561,71.5508,68.0,45,6,5.97,UZ,1619725511
Troitsko-Pechorsk,62.7084,56.1964,31.14,72,100,6.6,RU,1619725512
Belyy Yar,53.6039,91.3903,46.4,76,0,4.47,RU,1619725123
Kalāleh,37.3807,55.4916,60.3,87,26,2.89,IR,1619725280
Nikolayevsk-on-Amur,53.1406,140.73,28.9,85,100,3.38,RU,1619725512
Hastings,50.8552,0.5729,48.2,71,65,3.44,GB,1619725383
Srednekolymsk,67.45,153.6833,27.72,95,100,6.11,RU,1619725513
Nieves,15.3274,120.9485,77.0,88,75,2.3,PH,1619725513
Thinadhoo,0.5333,72.9333,83.48,71,59,7.4,MV,1619724921
Sisimiut,66.9395,-53.6735,37.11,76,100,3.44,GL,1619725514
Mitú,1.1983,-70.1733,73.83,96,94,4.63,CO,1619725514
Pierre,44.3683,-100.351,64.4,27,1,6.38,US,1619725514
Lethem,3.3803,-59.7968,88.95,52,54,5.59,GY,1619725266
Khandyga,62.6667,135.6,28.92,99,100,1.99,RU,1619725147
Launceston,-41.45,147.1667,55.0,100,90,4.61,AU,1619725515
Maniitsoq,65.4167,-52.9,37.15,77,100,7.56,GL,1619725515
Bougouni,11.417,-7.479,93.6,28,99,3.78,ML,1619725516
Palu,-0.8917,119.8707,74.89,94,79,3.24,ID,1619725516
Marabu,4.4148,114.0089,77.0,94,40,3.44,MY,1619725516
Guantánamo,20.1444,-75.2092,87.8,58,40,19.57,CU,1619725516
Todos Santos,23.45,-110.2167,72.0,61,1,3.0,MX,1619725517
Serenje,-13.2325,30.2352,61.02,93,36,3.98,ZM,1619725517
Verāval,20.9,70.3667,82.11,78,100,12.88,IN,1619725518
Aketi,2.7388,23.7833,71.29,99,100,3.22,CD,1619725518
Beloha,-25.1667,45.05,73.74,74,0,7.38,MG,1619725096
São Filipe,14.8961,-24.4956,73.54,75,24,16.6,CV,1619725122
Bartica,6.4,-58.6167,86.0,70,40,2.3,GY,1619725518
Kemijärvi,66.7131,27.4306,30.92,85,100,10.83,FI,1619725519
Dingle,10.9995,122.6711,73.78,76,41,3.27,PH,1619725120
Kungurtug,50.5994,97.5228,32.76,83,70,2.04,RU,1619725519
Quelimane,-17.8786,36.8883,78.8,89,20,4.61,MZ,1619725200
Toucheng,24.8592,121.8233,62.01,88,20,1.14,TW,1619725520
São José dos Campos,-23.1794,-45.8869,69.8,60,75,11.5,BR,1619725520
Ulverstone,-41.15,146.1667,54.0,94,76,3.0,AU,1619725520
‘Āhuimanu,21.4447,-157.8378,77.0,73,90,11.5,US,1619725521
Clyde River,70.4692,-68.5914,26.6,100,90,9.22,CA,1619725108
Madang,-5.2246,145.7966,75.29,92,91,3.85,PG,1619725521
Vostok,46.4856,135.8833,32.7,55,70,3.49,RU,1619725184
Oistins,13.0667,-59.5333,80.6,61,20,12.66,BB,1619725012
Maebaru-chūō,33.55,130.2,61.0,77,77,11.5,JP,1619725521
Hualmay,-11.0964,-77.6139,71.85,72,5,10.98,PE,1619725522
Shingū,33.7333,135.9833,52.5,88,7,5.95,JP,1619725522
Petropavlovsk-Kamchatskiy,53.0452,158.6483,33.8,93,75,2.24,RU,1619725523
Iqaluit,63.7506,-68.5145,33.8,93,90,14.97,CA,1619725134
Airai,-8.9266,125.4092,59.31,91,92,2.06,TL,1619725083
Eureka,40.8021,-124.1637,60.01,75,100,3.0,US,1619724923
Lata,40.1629,-8.3327,57.2,58,20,8.05,PT,1619725523
Sinnamary,5.3833,-52.95,76.69,90,100,13.67,GF,1619725142
Dzaoudzi,-12.7887,45.2699,80.6,89,0,3.44,YT,1619725524
Svetlaya,46.5389,138.3297,37.65,89,100,10.16,RU,1619725524
Nerchinskiy Zavod,51.3088,119.61,26.8,97,79,4.7,RU,1619725524
Kangaatsiaq,68.3065,-53.4641,33.28,87,100,5.86,GL,1619725525
Dakar,14.6937,-17.4441,71.6,83,0,18.41,SN,1619725510
Cape Coast,5.1053,-1.2466,81.95,78,100,7.61,GH,1619725525
Verkhnevilyuysk,63.4453,120.3167,22.17,96,100,1.72,RU,1619725525
Moerai,-22.4333,-151.3333,77.88,74,88,11.16,PF,1619725526
Grand Bank,47.0999,-55.765,46.4,66,20,10.36,CA,1619725526
Seymour,38.9592,-85.8903,66.99,77,75,17.27,US,1619725339
Oddur,4.1213,43.8894,76.95,75,93,8.61,SO,1619725526
Ureki,41.9956,41.7786,55.4,94,40,4.61,GE,1619725527
Alice Springs,-23.7,133.8833,46.4,57,5,5.75,AU,1619725094
Pisco,-13.7,-76.2167,69.01,83,0,8.05,PE,1619724902
San Cristobal,7.7669,-72.225,75.2,100,75,4.61,VE,1619725125
Derzhavīnsk,51.1,66.3167,47.35,50,59,7.56,KZ,1619725527
Maţāy,28.419,30.7792,85.01,15,28,10.4,EG,1619725528
Caravelas,-17.7125,-39.2481,74.37,83,56,11.54,BR,1619725528
Sesheke,-17.4759,24.2968,73.71,48,67,4.76,ZM,1619725402
Klyuchi,52.2667,79.1667,55.17,61,100,9.6,RU,1619725528
Ridgecrest,35.6225,-117.6709,89.01,7,40,8.05,US,1619725271
Muravlenko,63.7898,74.523,32.7,98,100,4.79,RU,1619725529
Lorengau,-2.0226,147.2712,80.58,80,19,4.45,PG,1619725160
Khani,41.9563,42.9566,55.4,88,0,4.61,GE,1619725529
Seoul,37.5683,126.9778,48.2,93,90,5.75,KR,1619724915
Along,28.1667,94.7667,68.88,55,66,2.06,IN,1619725530
Oranjemund,-28.55,16.4333,57.7,83,7,17.6,NA,1619725251
Kruisfontein,-34.0033,24.7314,57.99,93,100,1.01,ZA,1619725054
Baker City,44.7749,-117.8344,72.0,46,97,5.93,US,1619725531
Kloulklubed,7.0419,134.2556,78.8,89,75,7.58,PW,1619725174
Atikokan,48.7555,-91.6216,51.87,37,93,11.59,CA,1619725531
Teya,60.3778,92.6267,31.15,97,100,3.89,RU,1619725531
Ketchikan,55.3422,-131.6461,48.2,93,90,13.8,US,1619725051
Amboise,47.4125,0.9827,53.6,54,0,6.91,FR,1619725532
Antofagasta,-23.65,-70.4,66.2,68,20,13.8,CL,1619725532
Noumea,-22.2763,166.4572,73.99,88,75,3.44,NC,1619725532
Tubualá,9.5167,-79.0333,87.8,58,40,6.91,PA,1619725533
Plaster Rock,46.9065,-67.39,64.99,24,1,5.75,CA,1619725533
Andenes,69.3143,16.1194,33.8,86,75,14.97,NO,1619725533
Bilma,18.6853,12.9164,88.2,6,0,11.54,NE,1619725534
Casablanca,33.5928,-7.6192,66.0,68,40,9.22,MA,1619725243
Dicabisagan,17.0818,122.4157,75.16,77,91,2.15,PH,1619725534
Portland,45.5234,-122.6762,73.99,37,1,3.44,US,1619724937
Santo Tomas,14.1079,121.1414,82.4,78,40,3.44,PH,1619725535
Lemta,35.6667,10.8833,64.4,88,0,9.22,TN,1619725535
Kawalu,-7.3817,108.2082,72.82,93,99,1.54,ID,1619725535
Domoni,-12.2569,44.5319,80.26,81,12,1.88,KM,1619725536
Kyaikto,17.3,97.0167,79.07,84,82,6.15,MM,1619725536
Hasaki,35.7333,140.8333,59.0,100,75,5.75,JP,1619725104
Departamento de Maldonado,-34.6667,-54.9167,71.6,56,0,9.22,UY,1619725173
Fort Nelson,58.8053,-122.7002,42.8,56,75,9.22,CA,1619725536
Bubaque,11.2833,-15.8333,78.13,72,6,16.64,GW,1619725137
Misasi,-3.0,33.0833,69.8,88,75,5.77,TZ,1619725537
Vila Franca do Campo,37.7167,-25.4333,59.0,63,20,10.36,PT,1619725140
Tongren,27.7172,109.1853,62.37,83,1,3.2,CN,1619725537
Fagernes,60.9858,9.2324,24.35,91,34,2.35,NO,1619725538
Kingaroy,-26.5333,151.8333,59.0,100,90,8.05,AU,1619725538
Fitioneşti,45.9833,27.05,52.0,87,0,12.66,RO,1619725538
Lambaréné,-0.7001,10.2406,76.53,93,100,2.82,GA,1619725538
Fenoarivo,-18.933,47.4354,66.2,82,75,6.91,MG,1619725539
Cañon City,38.441,-105.2424,71.6,18,1,11.5,US,1619725539
Constitución,-35.3333,-72.4167,61.61,69,100,2.04,CL,1619725150
Port Blair,11.6667,92.75,80.98,77,100,4.79,IN,1619725062
Salalah,17.0151,54.0924,84.2,79,20,6.91,OM,1619725067
Berlevåg,70.8578,29.0864,28.4,100,90,32.21,NO,1619725183
Kozhevnikovo,56.2589,83.9714,52.0,56,99,13.02,RU,1619725540
Varhaug,58.6147,5.6457,48.2,53,0,9.22,NO,1619725540
Guerrero Negro,27.9769,-114.0611,76.12,38,0,13.69,MX,1619725146
Chicama,-7.8447,-79.1469,64.4,88,75,11.5,PE,1619725094
Dhidhdhoo,6.8833,73.1,83.14,75,100,7.25,MV,1619725541
Chany,55.3121,76.7647,42.35,70,0,8.3,RU,1619725541
Upernavik,72.7868,-56.1549,34.2,66,84,2.89,GL,1619725061
Umba,66.6871,34.3429,32.09,76,100,11.5,RU,1619725542
Cervo,43.6702,-7.4101,53.01,79,21,7.07,ES,1619725542
Maracaçumé,-2.0428,-45.9592,79.52,90,100,3.89,BR,1619725542
Nsunga,-1.1439,31.3947,62.85,95,100,2.53,TZ,1619725543
Alyangula,-13.8483,136.4192,66.2,100,66,8.59,AU,1619725543
Gejiu,23.306,103.1635,50.56,88,56,1.74,CN,1619725543
Gemeente Wageningen,51.9667,5.6667,46.0,93,90,8.05,NL,1619725544
Kattivākkam,13.2167,80.3167,86.0,79,20,4.61,IN,1619725544
Iskateley,67.6803,53.1512,24.6,87,86,3.98,RU,1619725544
Maragogi,-9.0122,-35.2225,78.22,82,81,9.24,BR,1619725545
Bonavista,48.6499,-53.1147,50.0,57,94,3.44,CA,1619725545
Codrington,-38.2667,141.9667,51.75,80,0,6.85,AU,1619725165
Sorong,-0.8833,131.25,76.86,87,99,5.64,ID,1619725545
Tateyama,34.9833,139.8667,60.01,90,100,12.97,JP,1619725546
Abhā,18.2164,42.5053,60.8,72,40,6.91,SA,1619725546
Waipawa,-41.4122,175.5153,57.0,88,2,10.36,NZ,1619725546
Saint-François,46.4154,3.9054,50.0,87,0,4.61,FR,1619724815
Hohhot,40.8106,111.6522,44.6,70,20,2.24,CN,1619725547
Warrington,53.3925,-2.5802,45.0,81,100,6.91,GB,1619725547
Sabang,5.8933,95.3214,82.78,70,98,3.27,ID,1619725548
Inuvik,68.3499,-133.7218,32.0,47,59,6.91,CA,1619725548
Mareeba,-17.0,145.4333,71.6,73,62,9.22,AU,1619725129
Alice Town,25.7167,-79.3,79.2,72,98,8.52,BS,1619725548
Kirillov,59.863,38.3813,37.4,75,20,6.71,RU,1619725549
Sioux Lookout,50.1001,-91.917,42.8,65,75,9.22,CA,1619725083
Talakan,50.3167,130.3667,38.79,82,92,5.88,RU,1619725549
Dromolaxia,34.8761,33.586,68.0,88,0,6.91,CY,1619725549
Puerto Escondido,15.85,-97.0667,86.0,70,75,9.22,MX,1619725550
Loandjili,-4.7561,11.8578,82.4,83,40,11.5,CG,1619725262
Broome,42.2506,-75.833,63.0,100,90,6.91,US,1619725077
Namatanai,-3.6667,152.4333,78.46,83,56,4.63,PG,1619725143
Ayaviri,-14.8864,-70.5889,57.38,32,40,7.76,PE,1619725550
Flin Flon,54.7682,-101.865,39.2,26,1,20.71,CA,1619725506
Shouguang,36.88,118.7375,46.62,73,57,4.47,CN,1619725551
Lucapa,-8.4192,20.7447,69.24,91,100,1.92,AO,1619725551
Danilovka,50.3557,44.1168,45.84,60,28,5.21,RU,1619725552
Nishihara,26.1842,127.7558,62.6,82,20,1.14,JP,1619725552
College,64.8569,-147.8028,45.0,52,75,2.26,US,1619725138
Alpena,45.0617,-83.4327,55.4,67,90,4.61,US,1619725552
Bagdarin,54.4333,113.6,26.91,94,100,3.49,RU,1619725553
Predivinsk,57.0669,93.4378,36.27,93,100,4.03,RU,1619725553
Pulaski,34.7668,-92.3001,75.2,69,90,9.22,US,1619725553
Terrasini,38.146,13.0844,69.01,77,0,2.3,IT,1619725554
Half Moon Bay,37.4636,-122.4286,71.01,82,40,13.8,US,1619725079
Kanashevo,55.2169,62.0634,42.8,65,40,13.42,RU,1619725554
Arnedo,42.2167,-2.1,51.8,87,90,4.61,ES,1619725554
Sørland,67.667,12.6934,35.6,75,75,16.11,NO,1619725177
Kabalo,-6.05,26.9167,72.95,87,73,2.33,CD,1619725555
Vao,-22.6667,167.4833,73.98,61,46,19.15,NC,1619725134
Besançon,47.2488,6.0182,50.0,100,100,3.15,FR,1619725555
Mana,5.6592,-53.7767,79.27,79,52,8.88,GF,1619725556
Kamenka,51.3223,42.7678,44.01,58,15,6.29,RU,1619725136
Keta,5.9179,0.9879,82.4,78,20,6.91,GH,1619725556
Strezhevoy,60.7333,77.5889,35.6,100,20,6.71,RU,1619725556
Mount Isa,-20.7333,139.5,60.8,55,0,4.61,AU,1619725557
Yar-Sale,66.8333,70.8333,22.39,95,100,7.76,RU,1619725118
Touros,-5.1989,-35.4608,80.6,83,75,9.22,BR,1619725056
Nome,64.5011,-165.4064,27.0,74,1,14.97,US,1619725118
Severnoye,56.3491,78.3619,40.41,86,0,9.48,RU,1619725557
San Isidro,-12.1167,-77.05,73.0,82,40,5.75,PE,1619725558
Jesup,31.6074,-81.8854,87.01,45,40,14.97,US,1619725558
Vestmanna,62.1564,-7.1664,37.4,70,75,12.66,FO,1619725558
Leningradskiy,69.3833,178.4167,23.34,92,100,4.09,RU,1619725069
Salina Cruz,16.1667,-95.2,88.23,60,94,19.3,MX,1619725326
Rosetta,31.4044,30.4164,71.6,68,0,9.22,EG,1619725559
Te Anau,-45.4167,167.7167,51.26,94,100,4.09,NZ,1619725172
Nauta,-4.5061,-73.5757,78.06,94,53,4.41,PE,1619725559
Maridi,4.9158,29.4742,68.32,98,100,6.17,SS,1619725560
Lazarev,52.225,141.5131,27.63,95,100,9.35,RU,1619725560
Bondoukou,8.0333,-2.8,82.04,59,100,2.46,CI,1619725560
Tamiahua,21.2667,-97.45,91.6,57,31,11.86,MX,1619725561
Khasan,42.4308,130.6434,42.39,69,100,6.55,RU,1619725561
Karpathos,35.507,27.2132,66.2,82,93,2.3,GR,1619725562
Venado Tuerto,-33.7456,-61.9688,77.0,20,0,11.41,AR,1619725562
Miami,25.7743,-80.1937,87.01,58,75,13.8,US,1619725458
San Javier,37.8063,-0.8374,66.0,72,0,3.44,ES,1619725562
Xingyi,24.1877,102.817,56.17,75,78,2.57,CN,1619725563
Port Lincoln,-34.7333,135.8667,63.41,68,3,9.89,AU,1619725123
Bitung,1.4451,125.1824,79.72,80,76,2.06,ID,1619725563
Fernie,49.5,-115.0687,57.2,54,100,9.22,CA,1619725564
Sibut,5.718,19.0739,72.37,90,100,2.1,CF,1619725564
Caçu,-18.5567,-51.1308,83.03,24,100,7.27,BR,1619725564
Zhob,31.3411,69.4481,67.57,46,99,0.76,PK,1619725564
Koslan,63.4564,48.8989,30.18,64,30,5.59,RU,1619725565
Safi,32.2994,-9.2372,63.45,71,0,11.16,MA,1619725565
Rome,43.2128,-75.4557,54.0,94,90,2.44,US,1619725013
La Bañeza,42.3003,-5.8977,45.0,87,75,6.91,ES,1619725566
Abu Dhabi,24.4667,54.3667,87.8,62,0,3.44,AE,1619725467
Tres Picos,15.8667,-93.5333,87.31,59,60,8.21,MX,1619725566
Arkadelphia,34.1209,-93.0538,73.4,83,90,5.75,US,1619725566
Lixouri,38.2019,20.4314,66.18,71,2,5.3,GR,1619725567
Boyolangu,-8.1181,111.8935,74.62,90,56,1.77,ID,1619725567
Hirara,24.8,125.2833,70.56,75,100,1.14,JP,1619725567
Avilés,43.5547,-5.9248,53.01,87,75,3.44,ES,1619725568
Mogadishu,2.0371,45.3438,83.26,77,69,12.41,SO,1619725459
Djebeniana,35.035,10.9081,73.4,53,0,6.91,TN,1619725568
Wanning,18.8003,110.3967,74.39,90,88,5.41,CN,1619725180
Shirak,40.8404,43.9158,50.0,87,40,1.14,AM,1619725568
Sal Rei,16.1833,-22.9167,73.4,73,40,17.27,CV,1619725569
Lerwick,60.1545,-1.1494,41.0,75,40,12.66,GB,1619725569
Naze,28.3667,129.4833,63.16,74,0,10.58,JP,1619725186
San-Pédro,4.7485,-6.6363,80.71,82,100,7.65,CI,1619725569
Gornoye Loo,43.7129,39.6049,53.6,94,73,2.24,RU,1619725570
Feijó,-8.1642,-70.3536,82.72,63,77,4.16,BR,1619725570
Arvika,59.6553,12.5852,41.0,60,67,5.75,SE,1619725570
Mathbaria,22.2876,89.9593,79.21,79,11,5.48,BD,1619725571
Soligalich,59.0778,42.2864,31.6,85,45,4.54,RU,1619725571
Aswān,24.0934,32.907,89.83,9,0,9.28,EG,1619725571
Dubai,25.2582,55.3047,87.8,48,0,8.05,AE,1619725442
Rawson,-43.3002,-65.1023,71.58,41,97,1.68,AR,1619724989
Kharp,66.8014,65.8081,23.2,96,100,3.0,RU,1619725572
Rocha,-34.4833,-54.3333,68.23,65,0,0.92,UY,1619725057
Ust-Nera,64.5667,143.2,31.8,95,100,2.42,RU,1619725572
Jacareacanga,-6.2222,-57.7528,89.6,66,20,5.75,BR,1619725573
San Jose,37.3394,-121.895,78.01,52,75,4.61,US,1619725382
Vágur,61.4732,-6.8119,39.67,64,63,17.36,FO,1619725573
Marzuq,14.4,46.4667,72.39,63,86,5.79,YE,1619725573
Vestmannaeyjar,63.4427,-20.2734,42.8,87,75,5.75,IS,1619725089
Meulaboh,4.1363,96.1285,76.95,86,98,4.65,ID,1619725400
Kopervik,59.2835,5.3067,48.0,71,20,11.5,NO,1619725554
Lingao,19.9103,109.6859,73.71,80,64,3.36,CN,1619725574
Yulara,-25.2406,130.9889,51.8,50,5,5.75,AU,1619725117
Chauk,20.8833,94.8167,85.17,54,0,4.74,MM,1619725574
Santo Antônio do Sudoeste,-26.0736,-53.7253,71.91,43,0,2.24,BR,1619725345
Rovaniemi,66.5,25.7167,33.8,55,0,10.36,FI,1619725575
Harrismith,-28.2728,29.1295,54.39,57,99,3.15,ZA,1619725575
Kaitong,44.8135,123.15,39.27,30,54,6.13,CN,1619725575
Olafsvik,64.8945,-23.7142,41.16,75,100,4.43,IS,1619725576
Millinocket,45.6573,-68.7098,71.6,20,75,3.44,US,1619725519
Cairns,-16.9167,145.7667,68.0,83,9,11.5,AU,1619725576
Columbus,39.9612,-82.9988,64.4,94,90,10.36,US,1619725301
Nara,34.6851,135.8049,57.0,91,64,4.5,JP,1619725577
Cap-Haïtien,19.7578,-72.2042,79.65,72,84,15.77,HT,1619725577
Khuzhir,53.1939,107.3397,23.67,81,10,4.68,RU,1619725577
Kathu,7.9178,98.3332,86.0,94,20,2.3,TH,1619725578
Sumbe,-11.2061,13.8437,79.29,82,99,2.95,AO,1619725578
Mitrovice,42.8833,20.8667,68.0,34,75,14.97,XK,1619725578
Māgadi,12.9667,77.2333,68.0,83,75,12.66,IN,1619725578
Kapuskasing,49.4169,-82.4331,64.4,29,100,3.44,CA,1619725579
Mayumba,-3.432,10.6554,79.41,89,99,4.56,GA,1619725579
Niagara Falls,43.1001,-79.0663,50.0,100,90,10.36,CA,1619725499
Cayenne,4.9333,-52.3333,86.0,66,75,2.3,GF,1619725022
Zhigansk,66.7697,123.3711,30.07,92,100,5.95,RU,1619725580
Evensk,61.95,159.2333,26.19,71,2,8.46,RU,1619725580
Yerbogachën,61.2767,108.0108,20.98,97,52,2.53,RU,1619725099
Cachoeira do Sul,-30.0392,-52.8939,71.69,44,0,4.0,BR,1619725580
Padang,-0.9492,100.3543,76.33,91,100,4.85,ID,1619725093
Penzance,50.1186,-5.5371,46.4,76,75,5.79,GB,1619725581
Los Llanos de Aridane,28.6585,-17.9182,69.8,68,40,3.44,ES,1619725581
Maturin,9.75,-63.1767,73.24,85,100,3.31,VE,1619725581
Tahe,52.3333,124.7333,31.26,92,77,4.36,CN,1619725582
Ranfurly,-45.1333,170.1,46.29,85,100,5.21,NZ,1619725582
Francistown,-21.17,27.5079,69.1,62,33,3.33,BW,1619725582
Yumen,40.2833,97.2,60.15,18,52,4.7,CN,1619725583
Nelson,-41.2833,173.2833,46.0,89,35,3.0,NZ,1619725583
Tupelo,34.2576,-88.7034,78.8,65,40,10.36,US,1619725497
Luwuk,-0.9516,122.7875,76.8,84,67,2.71,ID,1619725583
Belmonte,-15.8631,-38.8828,80.6,69,75,5.75,BR,1619725156
Vanavara,60.34,102.2797,26.53,93,100,3.27,RU,1619725198
Usinsk,65.9939,57.5281,27.27,69,100,3.24,RU,1619725584
Matata,-37.8833,176.75,46.0,97,5,1.01,NZ,1619725584
Tevaitoa,-16.7833,-151.5,81.5,74,96,8.32,PF,1619725585
Boende,-0.2167,20.8667,73.26,93,96,1.21,CD,1619725585
Brewster,41.3973,-73.6171,68.0,77,90,8.16,US,1619725585
Devils Lake,48.1128,-98.8651,62.6,29,40,25.32,US,1619725442
Nishifukuma,33.7667,130.4667,60.8,77,80,11.5,JP,1619725586
Tuscaloosa,33.2098,-87.5692,82.99,61,90,11.5,US,1619725362
Oyama,36.3,139.8,63.0,94,75,4.61,JP,1619725586
Front Royal,38.9182,-78.1944,81.0,54,40,4.61,US,1619725586
Bathsheba,13.2167,-59.5167,80.6,61,20,12.66,BB,1619725068
Heishan,41.6892,122.1128,42.39,58,5,4.34,CN,1619725587
Nibbar,36.2941,8.7666,68.0,49,20,12.66,TN,1619725587
Warrnambool,-38.3833,142.4833,53.02,78,0,7.94,AU,1619725587
Saint-Pierre,-21.3393,55.4781,77.0,78,0,6.91,RE,1619725197
Zhezkazgan,47.8043,67.7144,54.93,53,95,18.84,KZ,1619725134
Lenine,45.2986,35.7771,53.55,93,6,7.14,UA,1619725588
